,Atm_idx_1,Residue_1,PDB_name_1,NOE_name_1,Atm_idx_2,Residue_2,PDB_name_2,NOE_name_2,Dist_[A]
0,63,5,HB11,HB1@,62,5,HN,HN,2.97
1,65,5,HB21,HB21,62,5,HN,HN,3.48
2,66,5,HB22,HB22,62,5,HN,HN,3.48
3,65,5,HB21,HB2@,62,5,HN,HN,2.78
4,67,5,HG11,HG1@,62,5,HN,HN,5.27
5,69,5,HG21,HG2@,62,5,HN,HN,4.99
6,62,5,HN,HN,71,6,HN,HN,3.14
7,62,5,HN,HN,110,10,HN,HN,3.86
8,62,5,HN,HN,111,10,HA,HA,3.08
9,62,5,HN,HN,112,10,HB1,HB@,4.27
10,63,5,HB11,HB1@,71,6,HN,HN,3.53
11,65,5,HB21,HB21,71,6,HN,HN,3.7
12,66,5,HB22,HB22,71,6,HN,HN,3.7
13,65,5,HB21,HB2@,71,6,HN,HN,3.12
14,65,5,HB21,HB2@,76,6,HD2,HD2,5.34
15,67,5,HG11,HG1@,71,6,HN,HN,5.79
16,74,6,HB2,HB2,71,6,HN,HN,3.05
17,73,6,HB1,HB3,71,6,HN,HN,3.05
18,71,6,HN,HN,78,7,HN,HN,3.64
19,71,6,HN,HN,112,10,HB1,HB@,4.64
20,72,6,HA,HA,76,6,HD2,HD2,4.38
21,72,6,HA,HA,78,7,HN,HN,2.9
22,74,6,HB2,HB2,76,6,HD2,HD2,3.36
23,73,6,HB1,HB3,76,6,HD2,HD2,3.36
24,73,6,HB1,HB@,78,7,HN,HN,3.73
25,73,6,HB1,HB@,106,9,HE3,HE3,4.68
26,81,7,HB2,HB2,78,7,HN,HN,3.14
27,80,7,HB1,HB3,78,7,HN,HN,3.08
28,82,7,HD1,HD@,78,7,HN,HN,7.16
29,78,7,HN,HN,87,8,HN,HN,4.29
30,79,7,HA,HA,82,7,HD1,HD@,5.58
31,79,7,HA,HA,106,9,HE3,HE3,3.64
32,79,7,HA,HA,108,9,HZ3,HZ3,3.98
33,79,7,HA,HA,109,9,HH2,HH2,4.88
34,80,7,HB1,HB3,87,8,HN,HN,3.95
35,80,7,HB1,HB3,108,9,HZ3,HZ3,5.22
36,82,7,HD1,HD@,90,8,HB2,HB2,7.62
37,82,7,HD1,HD@,89,8,HB1,HB3,7.62
38,82,7,HD1,HD@,91,8,HG1,HG@,6.85
39,87,8,HN,HN,100,9,HN,HN,3.27
40,87,8,HN,HN,110,10,HN,HN,4.33
41,88,8,HA,HA,89,8,HB1,HB@,2.66
42,88,8,HA,HA,100,9,HN,HN,2.99
43,88,8,HA,HA,110,10,HN,HN,3.73
44,90,8,HB2,HB2,100,9,HN,HN,3.89
45,90,8,HB2,HB2,106,9,HE3,HE3,5.5
46,89,8,HB1,HB3,100,9,HN,HN,3.89
47,89,8,HB1,HB3,106,9,HE3,HE3,5.5
48,89,8,HB1,HB@,108,9,HZ3,HZ3,5.34
49,91,8,HG1,HG@,100,9,HN,HN,5.02
50,91,8,HG1,HG@,106,9,HE3,HE3,5.34
51,91,8,HG1,HG@,108,9,HZ3,HZ3,5.34
52,91,8,HG1,HG@,107,9,HZ2,HZ2,5.34
53,93,8,HD1,HD@,106,9,HE3,HE3,6.38
54,93,8,HD1,HD@,108,9,HZ3,HZ3,5.73
55,93,8,HD1,HD@,107,9,HZ2,HZ2,6.38
56,93,8,HD1,HD@,109,9,HH2,HH2,6.38
57,103,9,HB2,HB2,100,9,HN,HN,3.11
58,102,9,HB1,HB3,100,9,HN,HN,3.24
59,106,9,HE3,HE3,100,9,HN,HN,3.67
60,101,9,HA,HA,104,9,HD1,HD1,3.02
61,101,9,HA,HA,106,9,HE3,HE3,3.79
62,103,9,HB2,HB2,106,9,HE3,HE3,3.27
63,103,9,HB2,HB2,108,9,HZ3,HZ3,5.07
64,103,9,HB2,HB2,110,10,HN,HN,3.55
65,102,9,HB1,HB3,104,9,HD1,HD1,3.48
66,102,9,HB1,HB3,106,9,HE3,HE3,3.45
67,102,9,HB1,HB3,108,9,HZ3,HZ3,5.5
68,102,9,HB1,HB3,110,10,HN,HN,3.61
69,112,10,HB1,HB@,110,10,HN,HN,4.11
70,110,10,HN,HN,114,11,H1,HN1,3.89
71,111,10,HA,HA,115,11,H2,HN2,3.86
72,112,10,HB1,HB@,114,11,H1,HN1,5.6
73,112,10,HB1,HB@,115,11,H2,HN2,5.23
